"","run","b","sim","BM_AICc","OU_AICc","BS_AICc","pr","BM_wt","OU_wt","BS_wt","fc","lambda"
"1",38,100,1,240.475921116796,242.602154488691,233.169967290537,0,0.0250408477980635,0.00864855035136223,0.966310601850574,2,1
"2",38,100,1,235.641862119388,237.76810071815,233.169967266043,0.1,0.208898470256345,0.0721486840741523,0.718952845669503,2,1
"3",38,100,1,232.010056887694,-527.21473847765,233.169967240085,0.2,1.36908503812998e-165,1,7.66582836927033e-166,2,1
"4",38,100,1,229.722966195485,231.849206566119,233.169967365495,0.3,0.656246824982259,0.226652224142755,0.117100950874986,2,1
"5",38,100,1,228.876630433326,231.002870151264,233.169967807102,0.4,0.683877842452527,0.236195405018135,0.079926752529338,2,1
"6",38,100,1,229.507885324583,231.634124601487,233.169967985624,0.5,0.664176761519758,0.22939116322571,0.106432075254531,2,1
"7",38,100,1,231.589189153631,233.66970622018,233.169967874496,0.6,0.553393804300772,0.195549068620238,0.251057127078989,2,1
"8",38,100,1,235.032503204063,237.15873523615,233.169967309091,0.7,0.257526019647977,0.0889438032490605,0.653530177102962,2,1
"9",38,100,1,239.701143612509,241.827316493382,233.169967321578,0.8,0.0363096322198843,0.012540916467222,0.951149451312894,2,1
"10",38,100,1,245.426430910185,247.503173368162,233.169967619529,0.9,0.00217401482816034,0.000769668312726816,0.997056316859113,2,1
"11",38,100,1,252.025263962272,253.808534490249,233.169968052215,1,8.04591136457306e-05,3.29870112791991e-05,0.999886553875075,2,1
"12",38,100,2,196.790300636344,198.916667121081,198.690989527762,0,0.577379691183025,0.199400796373465,0.22321951244351,2,1
"13",38,100,2,196.564538164854,198.690903926469,198.690988597176,0.1,0.591472719602603,0.204267963985405,0.204259316411992,2,1
"14",38,100,2,196.349596434594,198.475961265447,198.690989399053,0.2,0.604044981893558,0.20860995264822,0.187345065458222,2,1
"15",38,100,2,196.145545017588,198.271900591978,198.690990378412,0.3,0.615223846250294,0.212471612675238,0.172304541074468,2,1
"16",38,100,2,195.952451775886,198.078807786359,198.690989483532,0.4,0.625137007967692,0.215895141377153,0.158967850655155,2,1
"17",38,100,2,195.770382323956,197.896738143998,198.69098981843,0.5,0.633905461746415,0.218923404901771,0.147171133351814,2,1
"18",38,100,2,195.599397512957,197.7257526407,198.69098946068,0.6,0.641643090805199,0.221595722503467,0.136761186691334,2,1
"19",38,100,2,195.439553301792,197.565917380624,198.69098902888,0.7,0.648455655638054,0.223947484933327,0.127596859428619,2,1
"20",38,100,2,195.290905194095,197.417268766329,198.690989262727,0.8,0.654436959261237,0.226013216051279,0.119549824687484,2,1
"21",38,100,2,195.153503451766,197.279866461516,198.690989588343,0.9,0.659673019396731,0.227821580792336,0.112505399810933,2,1
"22",38,100,2,195.027393548096,197.153756832622,198.690988809577,1,0.664239656284351,0.229398661578396,0.106361682137253,2,1
"23",38,100,3,199.501949064288,201.628275622036,196.616362109021,0,0.179280086726117,0.0619164585920801,0.758803454681803,2,1
"24",38,100,3,196.545228057684,198.671509411435,196.616362165584,0.1,0.432820345661156,0.149482908059733,0.417696746279111,2,1
"25",38,100,3,194.333257827529,196.459543407728,196.616363168319,0.2,0.600711898177536,0.207467076320763,0.191821025501701,2,1
"26",38,100,3,192.918075870726,195.044350668657,196.616363070677,0.3,0.665450035244947,0.229826840395657,0.104723124359396,2,1
"27",38,100,3,192.334371240395,194.460642595539,196.616362369954,0.4,0.683569561736785,0.236085197504768,0.0803452407584468,2,1
"28",38,100,3,192.596789754437,194.723065622116,196.616364478737,0.5,0.675955408125132,0.233454961868696,0.0905896300061721,2,1
"29",38,100,3,193.698723541308,195.825010585302,196.616362855703,0.6,0.633762164419831,0.21888144300198,0.147356392578188,2,1
"30",38,100,3,195.612852989012,197.739146986843,196.616364891925,0.7,0.512601333979626,0.177035701812668,0.310362964207706,2,1
"31",38,100,3,198.293349652436,200.419684826127,196.616362360049,0.8,0.273355459501234,0.0944060736753739,0.632238466823392,2,1
"32",38,100,3,201.679370852222,203.805734042709,196.616362676699,0.9,0.0718506570958359,0.0248140037866815,0.903335339117483,2,0.995505075445713
"33",38,100,3,205.699318353865,207.798764157665,196.616362597429,1,0.010506475051387,0.00367763115400392,0.985815893794609,2,0.991961773397636
"34",38,100,4,198.179486109934,198.447843637294,192.151064010567,0,0.0449489817046133,0.0393049058952113,0.915746112400175,2,0.974593650186223
"35",38,100,4,194.132501545071,194.844177676994,192.151063320236,0.1,0.227595678906021,0.159450359907686,0.612953961186292,2,0.979341860440234
"36",38,100,4,191.140469392983,192.159474034541,192.151063220049,0.2,0.45369561657746,0.272577834454622,0.273726548967919,2,0.982696515808085
"37",38,100,4,189.304698560965,190.511445259184,192.151063390598,0.3,0.559312448797206,0.305923450926974,0.134764100275819,2,0.984877277068402
"38",38,100,4,188.690873232592,189.980813622581,192.151063726453,0.4,0.587562809511625,0.308281385477071,0.104155805011304,2,0.986101013463225
"39",38,100,4,189.321584234769,190.598870906878,192.151063779938,0.5,0.564653661360661,0.298141801830407,0.137204536808933,2,0.986522811132189
"40",38,100,4,191.173623732795,192.342027038698,192.151065420846,0.6,0.4606254289051,0.256822077868578,0.282552493226322,2,0.986195374351341
"41",38,100,4,194.180763505082,195.135321654705,192.151063170339,0.7,0.228340773938738,0.141678451073456,0.629980774987806,2,0.985082478077654
"42",38,100,4,198.241278943218,198.86374178586,192.151063241473,0.8,0.0439660129254651,0.0322070534757741,0.923826933598761,2,0.983035007556282
"43",38,100,4,203.228710610795,203.38786028546,192.151063452709,0.9,0.00390164611868055,0.00360320493257301,0.992495148948746,2,0.979885637835489
"44",38,100,4,209.003327538329,208.559603163564,192.151063189127,1,0.000218959318909228,0.000273348665015783,0.999507692016075,2,0.975480636809592
"45",38,100,5,210.328159186632,201.197477013189,199.130764540574,0,0.00272353610650091,0.261719197008622,0.735557266884878,2,0.998392685337876
"46",38,100,5,208.547052388191,200.045377853984,199.130764557114,0.1,0.00549419266451414,0.385495269684181,0.609010537651305,2,0.998552560317277
"47",38,100,5,207.013941932042,199.060884506722,199.130764852995,0.2,0.009448944191049,0.50392715409988,0.486623901709071,2,0.998673349443233
"48",38,100,5,205.740840824288,198.254713016454,199.130766416845,0.3,0.014189081066061,0.599164768990309,0.38664614994363,2,0.998766610930831
"49",38,100,5,204.738068634859,197.636390156757,199.130764483272,0.4,0.0191031600795103,0.665602742344617,0.315294097575873,2,0.998839076851681
"50",38,100,5,204.013970798303,197.213905769625,199.130764637815,0.5,0.0235535072665121,0.70578259588253,0.270663896850958,2,0.998894328753817
"51",38,100,5,203.574696305164,196.993392351574,199.130764467831,0.6,0.0269644841303995,0.724276028325627,0.248759487543973,2,0.998934897713667
"52",38,100,5,203.424028678879,196.978882945969,199.130764493638,0.7,0.0288612023618006,0.724202522740227,0.246936274897973,2,0.998963321536258
"53",38,100,5,203.563271354333,197.172095823885,199.130764561524,0.8,0.0289038855648158,0.705963686003218,0.265132428431966,2,0.99898050311101
"54",38,100,5,203.991219756131,197.572356301116,199.130764787674,0.9,0.0269349565809785,0.667044440842531,0.30602060257649,2,0.998987329503445
"55",38,100,5,204.704185830703,198.176602578331,199.130764568061,1,0.0230541978917998,0.602832572221677,0.374113229886524,2,0.998982838207027
"56",38,100,6,162.268124957587,163.569546943967,145.390336780416,0,0.000216218052694337,0.000112795495922678,0.999670986451383,2,1
"57",38,100,6,152.415123372577,154.249994946792,145.390336954934,0.1,0.028630362473908,0.0114390391558971,0.959930598370195,2,1
"58",38,100,6,145.285816966941,147.341478805579,145.390338011731,0.2,0.433488972894545,0.155094628826934,0.411416398278521,2,1
"59",38,100,6,141.55793267647,143.666998263587,145.390336834699,0.3,0.668663757795004,0.23293245900506,0.0984037831999363,2,1
"60",38,100,6,141.631687321393,143.729600436063,145.390337104085,0.4,0.665337661299443,0.233069831764513,0.101592506936044,2,1
"61",38,100,6,145.498835902994,147.48715020546,145.390337598287,0.5,0.412238060472933,0.15254259185824,0.435219347668826,2,1
"62",38,100,6,152.745530694526,154.375360891787,145.390336773619,0.6,0.0243938651962699,0.0107986008593044,0.964807533944426,2,1
"63",38,100,6,162.687105221239,163.556292979242,145.390336794038,0.7,0.000175359366858101,0.000113550027896231,0.999711090605246,2,1
"64",38,100,6,174.552416857707,174.190765590385,145.390336814583,0.8,4.65087143323702e-07,5.57270314596408e-07,0.999998977642542,2,1
"65",38,100,6,187.630907609434,185.593617159965,145.390336910962,0.9,6.72320905280697e-10,1.86195257742994e-09,0.999999997465727,2,1
"66",38,100,6,201.347561854849,197.270610703346,145.390340406253,1,7.06388712748413e-13,5.42428431583771e-12,0.999999999993869,2,1
"67",38,100,7,165.628973283562,163.178793709109,146.533039192408,0,7.13237462964656e-05,0.000242819679166852,0.999685856574537,2,0.998816190071772
"68",38,100,7,158.994126097378,157.386651999783,146.533038881643,0.1,0.00195593110463138,0.00436930255166464,0.993674766343704,2,0.998621241124011
"69",38,100,7,153.374804548519,152.432999072462,146.533038566423,0.2,0.0301224247493429,0.0482392324241195,0.921638342826538,2,0.998433445932907
"70",38,100,7,148.975446347388,148.518393794428,146.533038651578,0.3,0.177053373093499,0.222511215371537,0.600435411534964,2,0.99826886464831
"71",38,100,7,145.975951574447,145.825839509925,146.533038541413,0.4,0.352754850874564,0.380250168585176,0.26699498054026,2,0.998143689949512
"72",38,100,7,144.509904395455,144.494854624895,146.533038589112,0.5,0.421727052414875,0.424912470024054,0.153360477561071,2,0.998071244158601
"73",38,100,7,144.646020720881,144.597888347975,146.533038667226,0.6,0.414315830168321,0.424407782506502,0.161276387325177,2,0.998062130380934
"74",38,100,7,146.377822853471,146.126846194304,146.533038600669,0.7,0.326901103142107,0.370608414202305,0.302490482655589,2,0.99811689994503
"75",38,100,7,149.624636055407,148.994780933724,146.533038746143,0.8,0.14160540675476,0.194022071782872,0.664372521462368,2,0.998230403644802
"76",38,100,7,154.243596910511,153.051980441854,146.533038612666,0.9,0.0199775055324498,0.0362491216814094,0.943773372786141,2,0.998389969367174
"77",38,100,7,160.049124995944,158.110466290127,146.533038993143,1,0.00115661513546642,0.00304904097191679,0.995794343892617,2,0.998578510664072
"78",38,100,8,242.554299029388,244.655052472926,246.750076915055,0,0.679107389497652,0.237555801984629,0.0833368085177181,2,0.999838297133244
"79",38,100,8,242.509261789227,244.609459150609,246.750075907914,0.1,0.680324870039008,0.238047861799219,0.081627268161773,2,0.999837614370819
"80",38,100,8,242.484865825531,244.584377153095,246.750077440613,0.2,0.680943189068041,0.238345956290462,0.080710854641497,2,0.999837429657991
"81",38,100,8,242.481123727502,244.579814828678,246.750076137279,0.3,0.680979315980493,0.238456375605485,0.0805643084140226,2,0.999837225420606
"82",38,100,8,242.498037813681,244.595772611781,246.750077116697,0.4,0.680436170893372,0.238380138790316,0.0811836903163121,2,0.999837474327399
"83",38,100,8,242.535600135926,244.632230907511,246.750076062741,0.5,0.679301193788472,0.23811392313564,0.0825848830758878,2,0.999837700783523
"84",38,100,8,242.593782353822,244.68916167189,246.750076484156,0.6,0.677548514253294,0.237648216645458,0.0848032691012484,2,0.999838218305
"85",38,100,8,242.672548569055,244.766523299373,246.750075943287,0.7,0.675135959291443,0.236968382865229,0.087895657843328,2,0.999839083512853
"86",38,100,8,242.771857545428,244.864253046092,246.75007597283,0.8,0.672003233101393,0.236055135170207,0.0919416317284003,2,0.999840749894248
"87",38,100,8,242.891638336509,244.982287397081,246.75007609903,0.9,0.668074377766536,0.234880055334976,0.0970455668984873,2,0.999841309171727
"88",38,100,8,243.031824585117,245.120541541633,246.750076226538,1,0.663250358970783,0.233409414644288,0.103340226384928,2,0.999842745510544
"89",38,100,9,209.847374440308,209.87586732159,188.141219729441,0,1.93442416674509e-05,1.90706088516755e-05,0.999961585149481,2,0.99999353887738
"90",38,100,9,204.018023466664,204.635847566288,188.141220455079,0.1,0.000356555713171726,0.000261799372345144,0.999381644914483,2,0.999990466520562
"91",38,100,9,198.736208188103,199.815797144605,188.141220578192,0.2,0.00496479406144085,0.00289381974448408,0.992141386194075,2,0.999987521845469
"92",38,100,9,194.111490504993,195.533251777029,188.141219693442,0.3,0.046991613242945,0.0230828174665527,0.929925569290502,2,0.999984869475391
"93",38,100,9,190.251825391407,191.910602249066,188.141219929846,0.4,0.232063748558276,0.101253136507702,0.666683114934022,2,0.999982524070858
"94",38,100,9,187.25676738051,189.06629109068,188.141219803762,0.5,0.488461921134466,0.197650370203087,0.313887708662446,2,0.999980677857215
"95",38,100,9,185.210001236474,187.103659665149,188.1412197901,0.6,0.617700903903896,0.239648951796115,0.142650144299989,2,0.999979377763257
"96",38,100,9,184.172153192581,186.099146676775,188.141220238601,0.7,0.658327387698732,0.251188992805832,0.0904836194954355,2,0.999978689703915
"97",38,100,9,184.175077255234,186.092361277181,188.141219791022,0.8,0.657436674873253,0.252069901628284,0.0904934234984635,2,0.999978676665677
"98",38,100,9,185.218682764572,187.080633449679,188.141219709603,0.9,0.614964188357804,0.242399864025809,0.142635947616387,2,0.999979343478644
"99",38,100,9,187.270943064695,189.019592922693,188.14121970226,1,0.48442133196943,0.202073222558634,0.313505445471935,2,0.999980628678074
"100",38,100,10,236.24633100576,225.297865440388,186.515955353269,0,1.58922772848435e-11,3.78979068592532e-09,0.999999996194317,2,0.923109197953227
"101",38,100,10,223.770846115381,216.294647659065,186.515955476289,0.1,8.13210792704935e-09,3.41695297081906e-07,0.999999650172595,2,0.951395937515264
"102",38,100,10,212.051389423445,207.544727384334,186.515955919824,0.2,2.85126801277421e-06,2.71423389512311e-05,0.999970006393036,2,0.977672182574592
"103",38,100,10,201.594775352468,199.437508428781,186.515955514545,0.3,0.000530599520813001,0.00156031187548183,0.997909088603705,2,1
"104",38,100,10,192.993903755004,192.498910967652,186.51595601694,0.4,0.0359863049256257,0.0460917899071656,0.917921905167209,2,1
"105",38,100,10,186.859263145552,187.363344934804,186.515955346407,0.5,0.337327310945161,0.262175155664812,0.400497533390027,2,1
"106",38,100,10,183.706474114319,184.6534055288,186.515955344077,0.6,0.535254353550205,0.333377790817281,0.131367855632513,2,1
"107",38,100,10,183.829727753469,184.766232964984,186.515955352353,0.7,0.529906056356824,0.331771716969055,0.13832222667412,2,1
"108",38,100,10,187.217127956914,187.687067409996,186.51595600926,0.8,0.311478534178464,0.24625330423313,0.442268161588406,2,1
"109",38,100,10,193.554285337897,192.996186327182,186.515956558457,0.9,0.0277176593896864,0.0366392195289436,0.93564312108137,2,1
"110",38,100,10,202.314082943978,200.062758820581,186.515955716397,1,0.00037052955134005,0.00114206723579031,0.99848740321287,2,0.999991989167829
"111",38,100,11,179.894725790557,174.907450168784,164.449117126296,0,0.000440064971165104,0.00532708886426022,0.994232846164575,2,0.993127086482943
"112",38,100,11,175.187572381979,171.184020675024,164.449116257866,0.1,0.00448230979146616,0.0331789070929953,0.962338783115539,2,0.993336660730481
"113",38,100,11,171.202881348524,167.994121632729,164.449117309093,0.2,0.0283654871699134,0.141111876139825,0.830522636690261,2,0.993461714796769
"114",38,100,11,168.038681563923,165.433682616034,164.449115917925,0.3,0.0934872393084504,0.343890888662947,0.562621872028602,2,0.993513256811097
"115",38,100,11,165.779603423022,163.589554570125,164.449115895659,0.4,0.168514135591861,0.503731840247853,0.327754024160286,2,0.993494496240089
"116",38,100,11,164.489984229616,162.530539846994,164.449117080087,0.5,0.213476338336902,0.568640367006198,0.2178832946569,2,0.993416096163142
"117",38,100,11,164.20809380784,162.299311513338,164.449116629776,0.6,0.223037258423504,0.579247578493971,0.197715163082525,2,0.993272245082237
"118",38,100,11,164.942446479069,162.907133579781,164.449115900981,0.7,0.198158946977396,0.548247003005722,0.253594050016882,2,0.993058756023778
"119",38,100,11,166.670974948229,164.332757058823,164.449116205202,0.8,0.137811230044967,0.443631292528903,0.41855747742613,2,0.99275621816322
"120",38,100,11,169.343174616374,166.525725839565,164.449115961917,0.9,0.0600791608944146,0.245767859366428,0.694152979739157,2,0.992345017155867
"121",38,100,11,172.884845871195,169.41316195143,164.44911589803,1,0.0134116412854902,0.0760936670292316,0.910494691685278,2,0.991786862320068
"122",38,100,12,207.52326641528,203.922114185421,181.113462676523,0,1.84152807029823e-06,1.11470157337694e-05,0.999987011456196,2,1
"123",38,100,12,197.438767409953,195.664300254658,181.113462777975,0.1,0.000284826796522536,0.00069167406593222,0.999023499137545,2,1
"124",38,100,12,188.970282317299,188.516178293154,181.113462710116,0.2,0.0188391379548244,0.0236411425848058,0.95751971946037,2,1
"125",38,100,12,182.647945348654,183.028736649239,181.113462765835,0.3,0.251227982848828,0.207673092942435,0.541098924208738,2,1
"126",38,100,12,178.941346922382,179.736684375345,181.113462673748,0.4,0.497653790011258,0.334365901896491,0.167980308092251,2,1
"127",38,100,12,178.158908053532,179.012947815795,181.113463298142,0.5,0.5317144177358,0.346917380588026,0.121368201676175,2,1
"128",38,100,12,180.369098362073,180.936445327803,181.113462688645,0.6,0.409459974074786,0.308328468920006,0.282211557005207,2,1
"129",38,100,12,185.381573939131,185.261834921578,181.113463771987,0.7,0.095140625260098,0.101010611104074,0.803848763635828,2,1
"130",38,100,12,192.798374509802,191.513736416812,181.113463623352,0.8,0.00287748757783592,0.00546977012625644,0.991652742295908,2,1
"131",38,100,12,202.108624269875,199.136007412114,181.113462686721,0.9,2.75990167734765e-05,0.000122008239192742,0.999850392744034,2,1
"132",38,100,12,212.784908126869,207.611721713025,181.113462706728,1,1.32627073666041e-07,1.76187601735023e-06,0.999998105496909,2,1
"133",38,100,13,321.338626330311,284.714972566321,201.92902302092,0,1.17634334059045e-26,1.05501702178631e-18,1,2,0.72702740702481
"134",38,100,13,293.109662799259,267.005914236805,201.929021383189,0.1,1.58626334327329e-20,7.39149465405408e-15,0.999999999999993,2,0.802126635512829
"135",38,100,13,263.473446419451,247.481232097168,201.929023406831,0.2,4.32313051244435e-14,1.28370006615505e-10,0.999999999871587,2,0.874195341021745
"136",38,100,13,234.539843436428,227.199482174593,201.929021718941,0.3,8.2917956249194e-08,3.25527576316599e-06,0.999996661806281,2,0.941645634487292
"137",38,100,13,210.919935009554,209.302398949248,201.929023069289,0.4,0.0107695768319993,0.0241792113579318,0.965051211810069,2,1
"138",38,100,13,199.500482894662,199.990894038364,201.929021222599,0.5,0.480891628628855,0.376318691648153,0.142789679722992,2,1
"139",38,100,13,205.017057447301,204.705944073253,201.929021387576,0.6,0.145949636331692,0.170514151382334,0.683536212285973,2,1
"140",38,100,13,225.051286635566,220.594899994512,201.929022149779,0.7,9.52843350126993e-06,8.84532044736182e-05,0.999902018362025,2,1
"141",38,100,13,252.751656149447,240.716112122434,201.929021609932,0.8,9.20460444845005e-12,3.77998702432141e-09,0.999999996210808,2,0.918246516264852
"142",38,100,13,282.485642554952,260.725387347056,201.929021404666,0.9,3.21626612675446e-18,1.70817105171692e-13,0.999999999999829,2,0.838277491885321
"143",38,100,13,311.356278554637,278.826978347814,201.929021216186,1,1.73050550046918e-24,2.00364498650146e-17,1,2,0.745489175783323
"144",38,100,14,229.348705267287,225.803258124333,189.538289438464,0,2.26609459460927e-09,1.33401926032131e-08,0.999999984393713,2,1
"145",38,100,14,216.502902257176,214.819167885223,189.53828971639,0.1,1.39542587270301e-06,3.2383593877425e-06,0.99999536621474,2,1
"146",38,100,14,205.020678901743,204.773246763785,189.538289610215,0.2,0.000434149961834081,0.00049132512493891,0.999074524913227,2,1
"147",38,100,14,195.634002129292,196.357766936505,189.53828954343,0.3,0.0439242022007622,0.030587244252031,0.925488553547207,2,1
"148",38,100,14,189.107728125966,190.370773701521,189.538289375371,0.4,0.427698337942405,0.227442018327242,0.344859643730354,2,1
"149",38,100,14,186.079513003917,187.533872001283,189.538289376699,0.5,0.602169118476519,0.291010350385838,0.106820531137643,2,1
"150",38,100,14,186.878529663218,188.230124122247,189.538289657976,0.6,0.563933200239004,0.286901392239895,0.1491654075211,2,1
"151",38,100,14,191.415747205718,192.329159602194,189.538289491832,0.7,0.238658028960529,0.151157975892299,0.610183995147172,2,1
"152",38,100,14,199.214691356756,199.250896293723,189.538290717821,0.8,0.00779885125590675,0.00765894296022881,0.984542205783865,2,1
"153",38,100,14,209.562490591466,208.208168348435,189.538289389645,0.9,4.48479027940243e-05,8.82733233794482e-05,0.999866878773827,2,1
"154",38,100,14,221.691975241388,218.439517766365,189.538289460039,1,1.04211481686614e-07,5.29880256395858e-07,0.999999365908262,2,1
"155",38,100,15,210.185042824779,210.737948796828,211.930645818787,0,0.459506289206078,0.348521402927746,0.191972307866175,2,1
"156",38,100,15,210.343102455574,210.880040328057,211.930645856149,0.1,0.451124001948319,0.344906482254461,0.20396951579722,2,1
"157",38,100,15,210.511341423706,211.031536555226,211.930645653601,0.2,0.441931987611999,0.340719115724491,0.21734889666351,2,1
"158",38,100,15,210.689708126749,211.192382425038,211.930645714606,0.3,0.431881040745979,0.33589984411457,0.232219115139451,2,1
"159",38,100,15,210.87814654275,211.362518247819,211.930645748379,0.4,0.420923801741245,0.33038742178955,0.248688776469205,2,1
"160",38,100,15,211.076600638688,211.541884240345,211.930646507549,0.5,0.409017032163022,0.324120382521759,0.266862585315219,2,1
"161",38,100,15,211.285010324685,211.730417199863,211.930645575095,0.6,0.396124622585881,0.317039200671578,0.286836176742541,2,1
"162",38,100,15,211.503310834509,211.928049210517,211.930645914512,0.7,0.382221657782278,0.309089694516809,0.308688647700913,2,1
"163",38,100,15,211.731439091604,212.134712770024,211.93064558882,0.8,0.36729755852829,0.300225982628656,0.332476458843054,2,1
"164",38,100,15,211.969324163963,212.350334764015,211.930645605657,0.9,0.351361841609088,0.29041510039816,0.358223057992751,2,1
"165",38,100,15,212.216898092056,212.574842403498,211.930646165434,1,0.334447677439087,0.279641462453059,0.385910860107854,2,1
"166",38,100,16,197.283728969292,198.690518917354,196.174870432035,0,0.309037872263153,0.152943543920669,0.538018583816177,2,1
"167",38,100,16,196.204410752065,197.614219148376,196.174870870772,0.1,0.398559531202747,0.196950549040851,0.404489919756402,2,1
"168",38,100,16,195.260544224034,196.671547279314,196.174870439518,0.2,0.470159472168861,0.232193345878926,0.297647181952213,2,1
"169",38,100,16,194.456102518164,195.866443499586,196.174886286895,0.3,0.521527662512863,0.257647359533041,0.220824977954096,2,1
"170",38,100,16,193.794541508862,195.202335140072,196.17487043589,0.4,0.555918384093475,0.274987234522829,0.169094381383696,2,1
"171",38,100,16,193.278752355403,194.682083697458,196.174870745411,0.5,0.577772570417319,0.286435861913543,0.135791567669137,2,1
"172",38,100,16,192.911020343444,194.307948919888,196.174870720816,0.6,0.590701913409469,0.293784711507077,0.115513375083454,2,1
"173",38,100,16,192.692991634154,194.081550994127,196.174870803176,0.7,0.59708991536644,0.298207047067826,0.104703037565734,2,1
"174",38,100,16,192.625648920237,194.003852103623,196.174870488863,0.8,0.598237716261393,0.300331421164917,0.10143086257369,2,1
"175",38,100,16,192.709296736977,194.075137391891,196.17487070478,0.9,0.59455482713715,0.300333225041951,0.105111947820899,2,1
"176",38,100,16,192.94355688641,194.295012523582,196.174870860015,1,0.585635751156284,0.297963260701814,0.116400988141902,2,1
"177",38,100,17,205.063235262232,206.102634683325,183.937373193264,0,2.58558864389585e-05,1.5376472473252e-05,0.999958767641088,2,1
"178",38,100,17,198.142720744527,199.792542512681,183.937373191249,0.1,0.000821928923030121,0.000360230116199856,0.99881784096077,2,1
"179",38,100,17,192.05942038078,194.055342941478,183.937373176425,0.2,0.0168343609464148,0.00620565399843656,0.976959985055149,2,1
"180",38,100,17,187.004544328117,189.125919421983,183.93737550309,0.3,0.167196745463523,0.0578864705835964,0.77491678395288,2,1
"181",38,100,17,183.159254935363,185.284640298254,183.937373195787,0.4,0.494262021570264,0.170779474798161,0.334958503631575,2,1
"182",38,100,17,180.676408559927,182.802699970336,183.937373307092,0.5,0.648843893621593,0.224089706886147,0.12706639949226,2,1
"183",38,100,17,179.662156594807,181.788447535593,183.937373192189,0.6,0.683384842660118,0.23601908956298,0.0805960677769025,2,1
"184",38,100,17,180.161632466578,182.287922607171,183.937374232922,0.7,0.668109027130947,0.230743407752831,0.101147565116222,2,1
"185",38,100,17,182.152480085669,184.278767255318,183.937373273427,0.8,0.569793855607808,0.196788796326412,0.233417348065779,2,1
"186",38,100,17,185.548082121895,187.67437158075,183.937373316649,0.9,0.279106842519912,0.0963945752977581,0.62449858218233,2,1
"187",38,100,17,190.209574599281,192.314992253636,183.937373189816,1,0.041045941574909,0.0143246687499891,0.944629389675102,2,1
"188",38,100,18,194.613637270168,196.695175587503,186.810912268151,0,0.0196761352246353,0.00694927496679001,0.973374589808575,2,1
"189",38,100,18,191.810877323744,193.914310956566,186.810913259271,0.1,0.073901022206312,0.0258163972852012,0.900282580508487,2,1
"190",38,100,18,189.332107940861,191.449921121411,186.810912333926,0.2,0.205154950504586,0.0711548835430273,0.723690165952387,2,1
"191",38,100,18,187.203872116563,189.328948966199,186.810912633516,0.3,0.390215253042104,0.13484960129486,0.474935145663036,2,1
"192",38,100,18,185.450228356444,187.576493920578,186.810912450115,0.4,0.540010491526096,0.186504578066198,0.273484930407706,2,1
"193",38,100,18,184.091923138688,186.218191413775,186.810912211813,0.5,0.624156525652406,0.215565981592039,0.160277492755555,2,1
"194",38,100,18,183.145620484311,185.271889846636,186.810912831631,0.6,0.664292428408946,0.229427660631807,0.106279910959247,2,1
"195",38,100,18,182.623242922581,184.749424246736,186.810912706152,0.7,0.680920417866094,0.235180846214964,0.0838987359189415,2,1
"196",38,100,18,182.531488026908,184.657669263817,186.810912145333,0.8,0.683491761371735,0.236068964323672,0.0804392743045925,2,1
"197",38,100,18,182.87153966798,184.997809777112,186.810912340298,0.9,0.673458741002684,0.232593356747737,0.0939479022495794,2,1
"198",38,100,18,183.639020616558,185.765289189689,186.810912206424,1,0.645108988765111,0.222802335564993,0.132088675669896,2,1
"199",38,100,19,325.875549552844,302.586581375624,232.10429942932,0,4.34341928286271e-21,4.95412476155052e-16,1,2,0.855223426510616
"200",38,100,19,302.210042526077,286.235712683916,232.104300349862,0.1,5.98041760894113e-16,1.76000200613653e-12,0.999999999998239,2,0.887151126771948
"201",38,100,19,278.483275088018,268.820072283549,232.104299495538,0.2,8.49050275565516e-11,1.06480782749648e-08,0.999999989267017,2,0.91940283927392
"202",38,100,19,256.535944553373,251.797878066959,232.104302353399,0.3,4.95120802004449e-06,5.29138349262189e-05,0.999942134957054,2,0.949890306686434
"203",38,100,19,239.416544240636,237.787634207468,232.104300351982,0.4,0.0238271825536003,0.053800462814718,0.922372354631682,2,0.974381714180706
"204",38,100,19,230.839388960508,230.394211048256,232.104299555043,0.5,0.359635557716318,0.449295201079874,0.191069241203809,2,0.986064348415184
"205",38,100,19,233.243101954321,232.191113644379,232.10430056678,0.6,0.224248034235245,0.379459127426543,0.396292838338212,2,0.980595216758693
"206",38,100,19,245.900328060579,242.267530832911,232.10429942757,0.7,0.00100255049024658,0.00616535585705282,0.992832093652701,2,0.957513690061735
"207",38,100,19,265.527073707151,257.230632626762,232.104299480365,0.8,5.52503773243856e-08,3.49852143111964e-06,0.999996446228192,2,0.921875373734889
"208",38,100,19,288.536004382759,273.869984781723,232.104301421913,0.9,5.57200374287455e-13,8.52505307692653e-10,0.999999999146937,2,0.879923420752029
"209",38,100,19,312.39797246829,290.11667864471,232.104299690284,1,3.66817874781361e-18,2.52797030988868e-13,0.999999999999747,2,0.836189709106822
"210",38,100,20,237.629406776092,237.369759904978,201.720758119884,0,1.5941750330197e-08,1.81517125259357e-08,0.999999965906537,2,1
"211",38,100,20,225.170767570114,225.825323386206,201.720757778577,0.1,8.08889183480719e-06,5.83114765312848e-06,0.999986079960512,2,1
"212",38,100,20,214.225613836659,215.526045362995,201.7207577039,0.2,0.00192014480452879,0.00100218722755311,0.997077667967918,2,1
"213",38,100,20,205.527511790219,207.217440069175,201.720758282407,0.3,0.122879076634471,0.052785504420294,0.824335418945235,2,1
"214",38,100,20,199.809642456816,201.685868231918,201.720757763275,0.4,0.563074697835469,0.220368117638698,0.216557184525833,2,1
"215",38,100,20,197.639617871697,199.56148210796,201.720757807814,0.5,0.661161059234269,0.252918006697399,0.0859209340683321,2,1
"216",38,100,20,199.252654631535,201.102875615327,201.720757885941,0.6,0.592558067626638,0.234941930826716,0.172500001546646,2,1
"217",38,100,20,204.472831580422,206.097516213271,201.720757987863,0.7,0.185082473135577,0.0821428011465125,0.73277472571791,2,1
"218",38,100,20,212.772499481149,213.951161030242,201.720757754535,0.8,0.00395789403502725,0.00219543740477951,0.993846668560193,2,1
"219",38,100,20,223.431671434955,223.897461861996,201.720757713709,0.9,1.92983405346053e-05,1.52888513985495e-05,0.999965412808067,2,1
"220",38,100,20,235.708479861819,235.195251110175,201.720758748264,1,4.16543241634312e-08,5.38401547988394e-08,0.999999904505521,2,1
"221",38,100,21,222.736644111212,224.861812472881,226.990376584779,0,0.682700130648306,0.235914991578274,0.0813848777734197,2,1
"222",38,100,21,222.789636132256,224.914814219852,226.990378595207,0.1,0.681212386651552,0.235399739547506,0.0833878738009418,2,1
"223",38,100,21,222.863388665895,224.988579057229,226.990376412759,0.2,0.6790861129994,0.234663540840464,0.086250346160136,2,1
"224",38,100,21,222.957857989666,225.083061053018,226.990376378759,0.3,0.676265901069865,0.233687513803379,0.0900465851267552,2,1
"225",38,100,21,223.07298106325,225.198201490409,226.99037674413,0.4,0.67267833626663,0.232445792377942,0.0948758713554279,2,1
"226",38,100,21,223.208688679226,225.333928989005,226.990376228479,0.5,0.668228707984901,0.230905915944345,0.100865376070754,2,1
"227",38,100,21,223.364896963136,225.490159651643,226.990377255588,0.6,0.662799594000064,0.229027327099223,0.108173078900712,2,1
"228",38,100,21,223.541507238449,225.666797236155,226.99037714275,0.7,0.656247898943683,0.226760322902325,0.116991778153992,2,1
"229",38,100,21,223.738418522685,225.86470170589,226.990377257622,0.8,0.64847141631289,0.223961986552608,0.127566597134502,2,1
"230",38,100,21,223.955503146265,226.081787659559,226.990378732274,0.9,0.639123896536172,0.220733495303978,0.14014260815985,2,1
"231",38,100,21,224.192628840932,226.318918058853,226.990377134,1,0.628044916490049,0.216906650297244,0.155048433212706,2,1
"232",38,100,22,218.640074444402,220.44517674602,222.613323786268,0,0.648217801110397,0.262874202930602,0.0889079959590003,2,1
"233",38,100,22,218.744611437513,220.551382718596,222.613323972859,0.1,0.645280872158557,0.26146489824959,0.0932542295918531,2,1
"234",38,100,22,219.012952826866,220.809940300787,222.613328186194,0.2,0.635950110986542,0.258947770084517,0.105102118928941,2,1
"235",38,100,22,219.443782867764,221.219181653594,222.613323865421,0.3,0.61858357479426,0.254609987806703,0.126806437399037,2,1
"236",38,100,22,220.03501018562,221.776187933871,222.613323750667,0.4,0.590246330633448,0.247139038012725,0.162614631353827,2,1
"237",38,100,22,220.78379620245,222.476942611504,222.613324503507,0.5,0.546599460598864,0.234426728851223,0.218973810549913,2,1
"238",38,100,22,221.686603926406,223.316383497788,222.613324410453,0.6,0.482659479625386,0.213667615336819,0.303672905037794,2,1
"239",38,100,22,222.739243215052,224.288586574333,222.613323861299,0.7,0.395908059132854,0.182456234034066,0.42163570683308,2,1
"240",38,100,22,223.93695037743,225.386907036197,222.613324023189,0.8,0.292172235192041,0.141509258429741,0.566318506378218,2,1
"241",38,100,22,225.274438888767,226.604148785134,222.613323861159,0.9,0.188768283770543,0.0970926136524548,0.714139102577002,2,1
"242",38,100,22,226.745980616362,227.932724003819,222.613324272819,1,0.105839825671815,0.0584724193513912,0.835687754976793,2,1
"243",38,100,23,178.74991758401,180.876453729759,182.725575071628,0,0.674619092590881,0.232963118524931,0.092417788884188,2,1
"244",38,100,23,178.575204393519,180.701740511138,182.725575731719,0.1,0.679875034918735,0.234778132295853,0.0853468327854121,2,1
"245",38,100,23,178.467905297073,180.594440831385,182.725577753647,0.2,0.682919609300584,0.235829570004918,0.0812508206944978,2,1
"246",38,100,23,178.428235995566,180.554772093047,182.72557689236,0.3,0.684011110675255,0.236206426773837,0.0797824625509077,2,1
"247",38,100,23,178.456278702198,180.582814807747,182.725575411427,0.4,0.683241373412548,0.235940615975595,0.0808180106118569,2,1
"248",38,100,23,178.551975926626,180.678512052311,182.725574567073,0.5,0.680545682640466,0.235009723054492,0.0844445943050426,2,1
"249",38,100,23,178.715133695549,180.84166985338,182.725575542339,0.6,0.675695780870298,0.233334924942941,0.0909692941867611,2,1
"250",38,100,23,178.945422293158,181.071958495043,182.725577012699,0.7,0.668276978808804,0.230773018969942,0.100950002221254,2,1
"251",38,100,23,179.242378473335,181.368915146677,182.725576668419,0.8,0.65765016229372,0.22710325570853,0.11524658199775,2,1
"252",38,100,23,179.605408545416,181.731945200076,182.725575418387,0.9,0.642903303319837,0.222010793921755,0.135085902758407,2,1
"253",38,100,23,180.033792829226,182.160328924138,182.725575814364,1,0.622807341929109,0.215071209661082,0.162121448409809,2,1
"254",38,100,24,206.625491018358,208.75180271686,196.474228452375,0,0.00619507386499881,0.00213955655245935,0.991665369582542,2,0.998602602380762
"255",38,100,24,200.435232344214,202.561679424255,196.474230297924,0.1,0.116391218519147,0.0401946358500589,0.843414145630794,2,0.998636556174502
"256",38,100,24,195.817460984969,197.943928296775,196.47422985408,0.2,0.484162220673984,0.167199274468721,0.348638504857294,2,0.998656222891977
"257",38,100,24,193.014107432635,195.140596709546,196.474229535192,0.3,0.656768251798611,0.226804084469056,0.116427663732333,2,0.99866498494409
"258",38,100,24,192.185056200921,194.311549773995,196.474229599278,0.4,0.683784436090569,0.236133170934976,0.0800823929744549,2,0.99866431826351
"259",38,100,24,193.379583960047,195.506070703963,196.474229786933,0.5,0.641786368988532,0.221630619013281,0.136583011998187,2,0.998654032390961
"260",38,100,24,196.526984129434,198.653454629263,196.474230076819,0.6,0.421573655904803,0.145584876382217,0.43284146771298,2,0.998633437154408
"261",38,100,24,201.449934163577,203.576302973039,196.474230077854,0.7,0.0747342200981766,0.0258097849818801,0.899455994919943,2,0.99859888779529
"262",38,100,24,207.895592589202,210.021807490319,196.474229278385,0.8,0.00329573676179734,0.00113828448620397,0.995565978751999,2,0.998546038364733
"263",38,100,24,215.573894301297,217.524835074484,196.474229832286,0.9,7.12062265836403e-05,2.68458133122992e-05,0.999901947960104,2,0.998462999261146
"264",38,100,24,224.192452419699,225.607365079845,196.474228426647,1,9.57334070210757e-07,4.71866487990872e-07,0.999998570799442,2,0.998323563507227
"265",38,100,25,240.608639572625,242.734940183303,236.817415146742,0,0.124968937190781,0.0431600327246948,0.831871030084524,2,1
"266",38,100,25,238.511223218654,240.637525026753,236.817415269222,0.1,0.271903134788206,0.0939060652441523,0.634190799967641,2,1
"267",38,100,25,236.704630001956,238.830689332924,236.817415660662,0.2,0.436571502783144,0.150795182041199,0.412633315175657,2,1
"268",38,100,25,235.205631468036,237.331933045439,236.817415137324,0.3,0.558018495743148,0.192720570705867,0.249260933550985,2,1
"269",38,100,25,234.028701071936,236.155002852055,236.817415733312,0.4,0.627605249630561,0.216753441955798,0.155641308413642,2,1
"270",38,100,25,233.185558143033,235.311383230768,236.81741669038,0.5,0.663070671594466,0.229056577027326,0.107872751378208,2,1
"271",38,100,25,232.684801368803,234.806564590058,236.81741522724,0.6,0.678977358095631,0.235028355935153,0.0859942859692158,2,1
"272",38,100,25,232.531612166037,234.646641157558,236.817416359347,0.7,0.682765414385118,0.237136717345531,0.0800978682693511,2,1
"273",38,100,25,232.727591561723,234.834854042464,236.817415202351,0.8,0.676562088788694,0.235896460595038,0.0875414506162682,2,1
"274",38,100,25,233.270695492352,235.370566935431,236.817415282867,0.9,0.658015131326134,0.230279135449986,0.11170573322388,2,1
"275",38,100,25,234.15530743923,236.249285258895,236.817415136379,1,0.619121549109243,0.217307349205685,0.163571101685072,2,1
